Fight Club,MovieShots/-----_----.png
Star Wars Episode II: Attack of The Clones,MovieShots/Anakin_looking_dramatic.png
The Green Knight,MovieShots/beheaded.jpg
Paddington 2,MovieShots/bestBoi.jpg
The Mask of Zorro,MovieShots/bladeShine.jpg
The Grand Budapest Hotel,MovieShots/budapest.png
Spider-Man 2,MovieShots/Choice.jpg
Citizen Kane,MovieShots/Citizen.jpg
Mad Max: Fury Road,MovieShots/crazyMark.jpg
Harry Potter and The Prisoner of Azkaban,MovieShots/dementies.jpg
I'm Thinking of Ending Things,MovieShots/dontWatch.jpg
The Big Lebowski,MovieShots/dude.jpg
The Banshees of Inisherin,MovieShots/dull.jpg
X-men: First Class,MovieShots/eyeOfTheStorm.png
The Last Duel,MovieShots/finalJoust.png
The Prestige,MovieShots/Focus.png
Memento,MovieShots/forgor.jpg
The Godfather Part 2,MovieShots/godfather2.jpg
Evil Dead 2,MovieShots/groovy.jpg
Her,MovieShots/Her.png
The Princess Bride,MovieShots/iHateToDie.png
Star Wars Episode VII: The Force Awakens,MovieShots/KyloStop.png
Lars and The Real Girl,MovieShots/literallyHim.jpg
Mission Impossible: Ghost Protocol,MovieShots/livingManifestationOfDestiny.jpg
The Lighthouse,MovieShots/Lobster.jpg
Star Wars Episode VI: Return of The Jedi,MovieShots/LukeMourns.png
Star Wars Episode VIII: The Last Jedi,MovieShots/luke-skywalker-vs-kylo-ren-in-star-wars-the-last-jedi.png
Star Wars Episode V: The Empire Strikes Back,MovieShots/LukeVsVader1.png
Oppenheimer,MovieShots/Oppie.png
Avatar: The Way of Water,MovieShots/PayakanBased.jpg
Whiplash,MovieShots/push.jpg
Raging Bull,MovieShots/rBull.png
The Matrix,MovieShots/real.jpg
Star Wars Episode III: Revenge of The Sith,MovieShots/revengeofthesith.png
The Lord of The Rings: The Two Towers,MovieShots/Rohan.jpg
Ad Astra,MovieShots/sadSpace.jpg
Silence,MovieShots/silenceabsolve.png
American Psycho,MovieShots/simplyNotThere.jpeg
Shrek,MovieShots/somebodyOnceToldMe.jpg
Star Wars Episode I: The Phantom Menace,MovieShots/SWEpisode1.png
Star Wars,MovieShots/the-binary-sunset.png
Dune,MovieShots/theMaker.jpg
The Batman,MovieShots/vengeance.png
Spider-Man: Into the Spider-Verse,MovieShots/WhatsUpDanger.jpg
